symbol,last_date
CQP,2017-07-28
LTRPB,2017-07-28
ARTX,2017-07-28
IBB,2017-07-28
SGRY,2017-07-28
FRO,2017-07-28
SONC,2017-07-28
SGLB,2017-07-28
JBHT,2017-07-28
DGRS,2017-07-28
NVR,2017-07-28
CLSN,2017-07-28
EXR,2017-07-28
CGG,2017-07-28
GILD,2017-07-28
FBK,2017-07-28
RNP,2017-07-28
PCLN,2017-07-28
ETV,2017-07-28
HK,2017-07-28
NMI,2017-07-28
IOTS,2017-07-28
GEVO,2017-07-28
CDW,2017-07-28
BCOR,2017-07-28
NSA,2017-07-28
SYNL,2017-07-28
TGA,2017-07-28
HFBC,2017-07-28
EXTR,2017-07-28
SHLD,2017-07-28
PETS,2017-07-28
NE,2017-07-28
BWA,2017-07-28
BTN,2017-07-28
FALC,2017-07-28
CEVA,2017-07-28
DOX,2017-07-28
NSH,2017-07-28
CFBI,2017-07-28
MSBF,2017-07-28
ECA,2017-07-28
DXLG,2017-07-28
FORD,2017-07-28
MSCI,2017-07-28
MYI,2017-07-28
CHTR,2017-07-28
AGX,2017-07-28
SQ,2017-07-28
DISCK,2017-07-28
