"date","symbol","open","high","low","close","volume","adj"
2017-07-03,"FALC",0.27,0.28,0.25,0.27,115800,0.27
2017-07-05,"FALC",0.27,0.27,0.25,0.26,64000,0.26
2017-07-06,"FALC",0.26,0.26,0.22,0.25,82100,0.25
2017-07-07,"FALC",0.24,0.25,0.24,0.25,156300,0.25
2017-07-10,"FALC",0.24,0.26,0.23,0.24,102600,0.24
2017-07-11,"FALC",0.23,0.24,0.22,0.24,146800,0.24
2017-07-12,"FALC",0.23,0.24,0.22,0.23,328900,0.23
2017-07-13,"FALC",0.22,0.23,0.2,0.22,319800,0.22
2017-07-14,"FALC",0.23,0.33,0.22,0.28,3021800,0.28
2017-07-17,"FALC",0.28,0.29,0.24,0.28,1008100,0.28
2017-07-18,"FALC",0.27,0.27,0.22,0.25,324000,0.25
2017-07-19,"FALC",0.24,0.25,0.23,0.25,147000,0.25
2017-07-20,"FALC",0.24,0.24,0.21,0.22,889400,0.22
2017-07-21,"FALC",0.24,0.24,0.2,0.22,637500,0.22
2017-07-24,"FALC",0.22,0.23,0.21,0.23,566900,0.23
2017-07-25,"FALC",0.24,0.24,0.21,0.23,539200,0.23
2017-07-26,"FALC",0.24,0.27,0.22,0.24,1511400,0.24
2017-07-27,"FALC",0.24,0.26,0.21,0.24,573600,0.24
2017-07-28,"FALC",0.23,0.23,0.21,0.23,682500,0.23
2017-07-03,"MSCI",103.44,103.82,102.54,102.790001,193900,102.790001
2017-07-05,"MSCI",103.06,103.41,102.65,103.080002,388900,103.080002
2017-07-06,"MSCI",102.54,103.35,100.84,102.279999,684100,102.279999
2017-07-07,"MSCI",102.7,103.22,102.28,102.540001,428900,102.540001
2017-07-10,"MSCI",102.75,103.69,102.63,102.989998,517700,102.989998
2017-07-11,"MSCI",103.73,105.74,103.16,105.25,737200,105.25
2017-07-12,"MSCI",105.74,106.27,103.8,105.400002,369300,105.400002
2017-07-13,"MSCI",105.47,106.25,104.38,106.099998,545700,106.099998
2017-07-14,"MSCI",106.11,108.2,105.11,107.449997,316500,107.449997
2017-07-17,"MSCI",107.35,107.81,106.77,106.980003,236700,106.980003
2017-07-18,"MSCI",106.8,107.46,105.9,106.980003,313500,106.980003
2017-07-19,"MSCI",107.3,107.85,106.9,107.589996,247900,107.589996
2017-07-20,"MSCI",107.79,108.27,107.19,107.400002,139700,107.400002
2017-07-21,"MSCI",107.17,108.38,107.12,108.150002,148500,108.150002
2017-07-24,"MSCI",108.14,109.22,108.01,108.980003,276800,108.980003
2017-07-25,"MSCI",109.6,110.53,109.25,110.260002,544400,110.260002
2017-07-26,"MSCI",110.74,110.77,110.12,110.349998,327700,110.349998
2017-07-27,"MSCI",110.8,110.8,109.2,109.809998,430400,109.809998
2017-07-28,"MSCI",109.75,110.58,108.62,110.370003,304100,110.370003
2017-07-03,"AGX",60.3,61.85,60.15,61.650002,55100,61.650002
2017-07-05,"AGX",61.9,61.9,59.95,60.799999,69300,60.799999
2017-07-06,"AGX",60.4,60.68,58.85,59.299999,122400,59.299999
2017-07-07,"AGX",59.5,61.05,58.95,60.900002,114600,60.900002
2017-07-10,"AGX",60.8,61.2,60.35,60.599998,109100,60.599998
2017-07-11,"AGX",60.55,61.45,59.8,61.349998,110100,61.349998
2017-07-12,"AGX",61.75,62.9,61.75,62.599998,146800,62.599998
2017-07-13,"AGX",62.6,62.75,61.55,62.099998,149400,62.099998
2017-07-14,"AGX",62.3,62.8,61.55,62.450001,93400,62.450001
2017-07-17,"AGX",62.7,64.15,62.7,64.050003,158900,64.050003
2017-07-18,"AGX",64,64.1,62.45,62.75,112100,62.75
2017-07-19,"AGX",63.05,64.1,62.65,64.099998,304700,64.099998
2017-07-20,"AGX",64.05,64.05,62.58,63.400002,109400,63.400002
2017-07-21,"AGX",63.55,64,62.8,63.099998,129000,63.099998
2017-07-24,"AGX",62.8,64.2,62.45,64.099998,133600,64.099998
2017-07-25,"AGX",64.5,64.9,63.95,64.300003,105200,64.300003
2017-07-26,"AGX",64.55,64.55,63.35,64.25,172400,64.25
2017-07-27,"AGX",64.8,66.3,64.45,65.199997,237300,65.199997
2017-07-28,"AGX",64.95,65,63.6,64.349998,84400,64.349998
2017-07-03,"NSH",24.55,25.1,24.55,25,18500,25
2017-07-05,"NSH",25.05,25.05,24.2,24.299999,35900,24.299999
2017-07-06,"NSH",24.25,24.4,23.59,23.9,110800,23.9
2017-07-07,"NSH",23.85,24.5,23.25,24.450001,119400,24.450001
2017-07-10,"NSH",24.45,24.9,23.9,24,108100,24
2017-07-11,"NSH",23.95,24.45,23.65,24,51000,24
2017-07-12,"NSH",24.15,24.35,23.86,24,48200,24
2017-07-13,"NSH",23.95,24.3,23.7,24.15,70400,24.15
2017-07-14,"NSH",24.15,25.25,24.15,24.950001,143000,24.950001
2017-07-17,"NSH",24.3,24.7,24.05,24.35,93100,24.35
2017-07-18,"NSH",24.45,24.45,23.9,24.15,142100,24.15
2017-07-19,"NSH",24.15,24.85,24.15,24.65,151700,24.65
2017-07-20,"NSH",24.85,24.95,23.9,24.1,117300,24.1
2017-07-21,"NSH",24.05,24.15,23.6,24.1,79300,24.1
2017-07-24,"NSH",24.35,24.5,23.9,24.049999,114800,24.049999
2017-07-25,"NSH",24.2,24.3,23.85,23.950001,232200,23.950001
2017-07-26,"NSH",24.15,24.15,23.5,23.5,34300,23.5
2017-07-27,"NSH",23.6,23.95,23.25,23.549999,47800,23.549999
2017-07-28,"NSH",23.05,23.8,23.05,23.25,53300,23.25
2017-07-03,"CQP",32.917,33.079,32.471,32.139999,167000,31.683922
2017-07-05,"CQP",32.43,32.461,31.842,31.790001,386600,31.33889
2017-07-06,"CQP",32.319,32.44,31.477,31.25,233500,30.806553
2017-07-07,"CQP",31.649,32.035,31.375,31.559999,147600,31.112154
2017-07-10,"CQP",31.852,32.166,31.446,31.620001,267700,31.171303
2017-07-11,"CQP",32.116,32.349,31.477,31.67,249200,31.220592
2017-07-12,"CQP",32.42,32.846,32.258,31.85,158200,31.398039
2017-07-13,"CQP",32.248,32.521,32.085,31.83,76400,31.378323
2017-07-14,"CQP",32.258,32.684,32.035,31.76,101000,31.309317
2017-07-17,"CQP",31.953,32.501,31.548,31.27,219700,30.826269
2017-07-18,"CQP",32.065,32.065,30.706,30.35,487900,29.919325
2017-07-19,"CQP",30.685,30.959,30.685,30.33,404900,29.899607
2017-07-20,"CQP",30.787,30.898,30.523,30.299999,553300,29.870033
2017-07-21,"CQP",30.919,31.396,30.848,30.860001,476700,30.422087
2017-07-24,"CQP",31.294,31.649,31.193,30.75,234000,30.313648
2017-07-25,"CQP",31.294,31.446,30.878,30.6,307300,30.165777
2017-07-26,"CQP",31.01,31.325,30.462,30.209999,148900,29.781309
2017-07-27,"CQP",30.675,30.716,30.33,29.950001,116000,29.525002
2017-07-28,"CQP",29.44,29.62,29.25,29.52,117300,29.52
2017-07-03,"BWA",42.8,43.98,42.76,43.18,1325700,43.18
2017-07-05,"BWA",43.1,43.34,42.08,43.18,2274000,43.18
2017-07-06,"BWA",43.12,43.36,42.78,43,1867300,43
2017-07-07,"BWA",42.85,44.26,42.69,44.09,2935200,44.09
2017-07-10,"BWA",44.22,45.15,44.07,45.080002,3684500,45.080002
2017-07-11,"BWA",45.1,45.89,44.95,45.529999,2178400,45.529999
2017-07-12,"BWA",45.8,46.23,45.36,45.610001,2316800,45.610001
2017-07-13,"BWA",45.57,46.45,45.5,46.200001,2162500,46.200001
2017-07-14,"BWA",46.26,46.44,45.92,46.259998,1417700,46.259998
2017-07-17,"BWA",46.55,46.66,46.02,46.220001,1468900,46.220001
2017-07-18,"BWA",46.19,46.35,45.72,46.189999,1247100,46.189999
2017-07-19,"BWA",46.43,46.79,46.2,46.759998,1231000,46.759998
2017-07-20,"BWA",46.98,47,46.24,46.290001,1949700,46.290001
2017-07-21,"BWA",45.8,45.8,44.58,44.919998,2795200,44.919998
2017-07-24,"BWA",44.89,45.18,44.6,44.720001,2209000,44.720001
2017-07-25,"BWA",45.25,46.09,44.87,45.84,1899200,45.84
2017-07-26,"BWA",45.79,46.4,45.61,45.860001,3610800,45.860001
2017-07-27,"BWA",47.65,48.03,46.43,47.02,3918600,47.02
2017-07-28,"BWA",47,47.17,46.42,46.91,2494100,46.91
2017-07-03,"TGA",1.33,1.35,1.3,1.32,10100,1.32
2017-07-05,"TGA",1.33,1.33,1.3,1.31,3700,1.31
2017-07-06,"TGA",1.31,1.33,1.31,1.31,13300,1.31
2017-07-07,"TGA",1.32,1.32,1.28,1.29,46300,1.29
2017-07-10,"TGA",1.31,1.31,1.26,1.28,16600,1.28
2017-07-11,"TGA",1.27,1.29,1.26,1.27,24700,1.27
2017-07-12,"TGA",1.27,1.34,1.27,1.3,46600,1.3
2017-07-13,"TGA",1.29,1.35,1.28,1.33,60100,1.33
2017-07-14,"TGA",1.34,1.34,1.32,1.32,9600,1.32
2017-07-17,"TGA",1.3,1.35,1.3,1.34,20100,1.34
2017-07-18,"TGA",1.36,1.37,1.34,1.36,39200,1.36
2017-07-19,"TGA",1.36,1.38,1.35,1.36,126500,1.36
2017-07-20,"TGA",1.36,1.37,1.35,1.35,13600,1.35
2017-07-21,"TGA",1.34,1.37,1.34,1.36,144300,1.36
2017-07-24,"TGA",1.35,1.37,1.35,1.35,14500,1.35
2017-07-25,"TGA",1.35,1.36,1.34,1.35,41000,1.35
2017-07-26,"TGA",1.35,1.36,1.33,1.34,63600,1.34
2017-07-27,"TGA",1.34,1.36,1.33,1.33,28400,1.33
2017-07-28,"TGA",1.36,1.4,1.36,1.38,31800,1.38
2017-07-03,"NSA",23.15,23.57,23.045,23.49,273700,23.49
2017-07-05,"NSA",23.57,23.66,22.675,22.799999,639600,22.799999
2017-07-06,"NSA",22.58,22.6,21.98,22.030001,702600,22.030001
2017-07-07,"NSA",22.06,22.54,21.76,22.299999,655000,22.299999
2017-07-10,"NSA",22.18,22.19,21.69,21.76,591700,21.76
2017-07-11,"NSA",21.76,21.895,21.53,21.549999,623300,21.549999
2017-07-12,"NSA",21.74,22.2,21.72,22.09,359300,22.09
2017-07-13,"NSA",22.1,22.16,21.81,21.870001,270400,21.870001
2017-07-14,"NSA",22.03,22.44,22.03,22.42,290300,22.42
2017-07-17,"NSA",22.41,22.66,22.27,22.459999,610900,22.459999
2017-07-18,"NSA",22.48,22.585,22.14,22.33,415200,22.33
2017-07-19,"NSA",22.33,22.66,22.316,22.540001,294000,22.540001
2017-07-20,"NSA",22.43,22.515,22.11,22.379999,327900,22.379999
2017-07-21,"NSA",22.64,22.69,22.3,22.66,280800,22.66
2017-07-24,"NSA",22.68,22.69,22.41,22.610001,375100,22.610001
2017-07-25,"NSA",22.64,22.775,22.48,22.690001,305000,22.690001
2017-07-26,"NSA",22.69,23.19,22.6,23.059999,180900,23.059999
2017-07-27,"NSA",22.93,22.93,22.24,22.280001,359500,22.280001
2017-07-28,"NSA",22.24,22.57,22.11,22.51,634200,22.51
2017-07-03,"RNP",20.943,21.074,20.933,20.940001,52500,20.816532
2017-07-05,"RNP",21.034,21.104,20.964,20.969999,82900,20.846354
2017-07-06,"RNP",21.004,21.094,20.692,20.57,98200,20.448711
2017-07-07,"RNP",20.702,20.853,20.652,20.73,52900,20.607769
2017-07-10,"RNP",20.863,20.883,20.732,20.709999,80100,20.587887
2017-07-11,"RNP",20.853,20.853,20.561,20.440001,128500,20.319479
2017-07-12,"RNP",20.581,20.742,20.581,20.549999,83000,20.428829
2017-07-13,"RNP",20.803,20.833,20.682,20.700001,85800,20.577948
2017-07-14,"RNP",20.893,21.024,20.783,20.889999,75900,20.766825
2017-07-17,"RNP",21.014,21.155,20.994,21.030001,85400,20.906
2017-07-18,"RNP",20.98,21.09,20.88,21,110000,21
2017-07-19,"RNP",21.03,21.11,20.98,21.09,90000,21.09
2017-07-20,"RNP",21.19,21.29,21.09,21.15,64100,21.15
2017-07-21,"RNP",21.21,21.23,21.04,21.110001,95800,21.110001
2017-07-24,"RNP",21.12,21.16,21,21.1,74200,21.1
2017-07-25,"RNP",21.25,21.25,20.8,20.889999,186100,20.889999
2017-07-26,"RNP",20.9,20.97,20.81,20.879999,144900,20.879999
2017-07-27,"RNP",20.96,20.96,20.78,20.809999,113500,20.809999
2017-07-28,"RNP",20.8,20.94,20.72,20.940001,81400,20.940001
2017-07-03,"CDW",62.55,63.6,62.55,62.759998,340900,62.759998
2017-07-05,"CDW",62.83,63.42,62.66,62.990002,773600,62.990002
2017-07-06,"CDW",62.42,62.6,61.14,61.23,1284100,61.23
2017-07-07,"CDW",61.38,62.5,61.28,62.360001,1088400,62.360001
2017-07-10,"CDW",62.3,62.85,62.29,62.630001,717500,62.630001
2017-07-11,"CDW",62.4,63.43,62.4,63.23,718500,63.23
2017-07-12,"CDW",63.2,64,63.2,63.450001,530400,63.450001
2017-07-13,"CDW",63.54,63.99,63.19,63.349998,664900,63.349998
2017-07-14,"CDW",63.34,63.77,62.75,63.560001,983100,63.560001
2017-07-17,"CDW",63.5,63.85,63.18,63.720001,492500,63.720001
2017-07-18,"CDW",63.54,63.84,63.12,63.59,704700,63.59
2017-07-19,"CDW",63.56,64.52,63.56,64.059998,608300,64.059998
2017-07-20,"CDW",63.88,64.3,63.41,63.669998,634100,63.669998
2017-07-21,"CDW",63.62,63.66,62.95,63.52,658000,63.52
2017-07-24,"CDW",63,63.87,62.96,63.509998,549100,63.509998
2017-07-25,"CDW",63.5,64.04,63.03,63.799999,716000,63.799999
2017-07-26,"CDW",63.99,63.99,63.45,63.93,303800,63.93
2017-07-27,"CDW",64.09,64.23,62.89,63.360001,449400,63.360001
2017-07-28,"CDW",63.23,63.46,62.86,63.369999,367900,63.369999
2017-07-03,"CEVA",45,45.35,43.6,44.25,85400,44.25
2017-07-05,"CEVA",45,45.25,44.25,45.150002,100300,45.150002
2017-07-06,"CEVA",44.4,45.3,44.25,44.700001,113300,44.700001
2017-07-07,"CEVA",44.7,45.7,44.7,45.599998,82300,45.599998
2017-07-10,"CEVA",45.65,45.85,44.95,45.599998,91300,45.599998
2017-07-11,"CEVA",45.6,46.45,45.3,45.5,119500,45.5
2017-07-12,"CEVA",46.1,46.85,46.1,46.599998,80300,46.599998
2017-07-13,"CEVA",46.6,46.8,45.9,46.049999,66800,46.049999
2017-07-14,"CEVA",46.35,46.68,46.05,46.450001,82600,46.450001
2017-07-17,"CEVA",46.5,46.5,45.95,46.299999,90700,46.299999
2017-07-18,"CEVA",46.25,46.3,45.65,45.900002,120300,45.900002
2017-07-19,"CEVA",46.25,47.25,46.05,47.150002,124600,47.150002
2017-07-20,"CEVA",47.25,47.3,46.5,47.099998,124600,47.099998
2017-07-21,"CEVA",47.1,47.1,45.9,46.200001,111800,46.200001
2017-07-24,"CEVA",46.15,46.35,45.8,46.25,68400,46.25
2017-07-25,"CEVA",46.3,46.45,45.8,46.099998,78400,46.099998
2017-07-26,"CEVA",46.45,48.15,46.45,47.900002,192500,47.900002
2017-07-27,"CEVA",48.05,48.2,45.6,46.099998,178300,46.099998
2017-07-28,"CEVA",45.9,46.3,45.65,46.200001,53100,46.200001
2017-07-03,"CLSN",2.04,2.04,2.01,2.02,67500,2.02
2017-07-05,"CLSN",2.63,3,2.36,2.42,11631400,2.42
2017-07-06,"CLSN",2,2,1.9,1.92,2330600,1.92
2017-07-07,"CLSN",1.92,1.93,1.81,1.91,705900,1.91
2017-07-10,"CLSN",1.95,1.95,1.87,1.92,391300,1.92
2017-07-11,"CLSN",1.9,1.92,1.85,1.89,221600,1.89
2017-07-12,"CLSN",1.92,1.92,1.86,1.89,293400,1.89
2017-07-13,"CLSN",1.89,1.9,1.85,1.86,177700,1.86
2017-07-14,"CLSN",1.86,1.88,1.81,1.82,277300,1.82
2017-07-17,"CLSN",1.81,1.86,1.81,1.86,193000,1.86
2017-07-18,"CLSN",1.84,1.9,1.84,1.88,113300,1.88
2017-07-19,"CLSN",1.88,1.91,1.85,1.91,416100,1.91
2017-07-20,"CLSN",1.93,2.06,1.9,1.92,1549900,1.92
2017-07-21,"CLSN",1.89,1.9,1.84,1.85,344000,1.85
2017-07-24,"CLSN",1.84,1.89,1.83,1.84,187800,1.84
2017-07-25,"CLSN",1.87,1.89,1.82,1.82,176200,1.82
2017-07-26,"CLSN",1.82,1.85,1.77,1.8,159900,1.8
2017-07-27,"CLSN",1.81,1.82,1.7,1.72,264500,1.72
2017-07-28,"CLSN",1.7,1.74,1.66,1.69,216500,1.69
2017-07-03,"IBB",311.89,313.59,308.56,310.950012,521800,310.950012
2017-07-05,"IBB",312.23,316.18,310.41,315.290009,1508400,315.290009
2017-07-06,"IBB",313.25,314.58,308.88,310.450012,1099300,310.450012
2017-07-07,"IBB",312.93,313.62,310.82,312.459991,756400,312.459991
2017-07-10,"IBB",312.95,313.09,308.49,309.940002,640400,309.940002
2017-07-11,"IBB",311.35,312.65,309.28,312.01001,1076400,312.01001
2017-07-12,"IBB",314.59,314.62,312.39,314.01001,1107700,314.01001
2017-07-13,"IBB",314.72,318.13,310.57,316.410004,2033000,316.410004
2017-07-14,"IBB",316.81,318.28,315.7,316.410004,815400,316.410004
2017-07-17,"IBB",317.09,318.56,314.93,315.079987,803700,315.079987
2017-07-18,"IBB",315.05,315.42,312.68,315.140015,746900,315.140015
2017-07-19,"IBB",319.04,322,318.49,319.630005,1028800,319.630005
2017-07-20,"IBB",320.96,324.61,320.22,322.920013,1370700,322.920013
2017-07-21,"IBB",322.79,325.3,322.14,324.880005,1291200,324.880005
2017-07-24,"IBB",324.99,327.54,323.07,327.339996,1033500,327.339996
2017-07-25,"IBB",329.83,329.9,322.8,323.809998,1664900,323.809998
2017-07-26,"IBB",324.59,326.65,323.1,325.899994,762800,325.899994
2017-07-27,"IBB",328.77,328.86,317.42,319.790009,1849800,319.790009
2017-07-28,"IBB",318.33,322.62,317.86,321.820007,732100,321.820007
2017-07-03,"EXTR",9.25,9.33,8.91,9.12,824700,9.12
2017-07-05,"EXTR",9.12,9.25,9.02,9.13,1118000,9.13
2017-07-06,"EXTR",9.03,9.12,8.91,8.99,1141000,8.99
2017-07-07,"EXTR",8.98,9.36,8.98,9.31,825700,9.31
2017-07-10,"EXTR",9.32,9.57,9.23,9.51,997500,9.51
2017-07-11,"EXTR",9.55,9.66,9.35,9.46,1086600,9.46
2017-07-12,"EXTR",9.63,9.83,9.6,9.6,1128700,9.6
2017-07-13,"EXTR",9.67,9.7,9.43,9.51,767700,9.51
2017-07-14,"EXTR",9.52,9.62,9.38,9.48,837800,9.48
2017-07-17,"EXTR",9.46,9.66,9.4,9.57,833200,9.57
2017-07-18,"EXTR",9.58,9.6,9.32,9.43,1349800,9.43
2017-07-19,"EXTR",9.43,9.6,9.32,9.51,1183900,9.51
2017-07-20,"EXTR",9.55,9.72,9.48,9.64,749400,9.64
2017-07-21,"EXTR",9.66,9.73,9.48,9.55,907700,9.55
2017-07-24,"EXTR",9.59,9.63,9.37,9.52,740100,9.52
2017-07-25,"EXTR",9.52,9.6,9.32,9.38,595700,9.38
2017-07-26,"EXTR",9.45,9.48,9.21,9.36,948800,9.36
2017-07-27,"EXTR",9.41,9.41,8.98,9.1,1770100,9.1
2017-07-28,"EXTR",9.03,9.14,8.93,9.03,835000,9.03
2017-07-03,"PCLN",1877.67,1884.32,1836.08,1843.130005,335000,1843.130005
2017-07-05,"PCLN",1845.5,1869.28,1841.37,1866.01001,374900,1866.01001
2017-07-06,"PCLN",1851.15,1877.3,1845.01,1872.300049,422600,1872.300049
2017-07-07,"PCLN",1873.86,1921.4,1873.86,1918.5,631000,1918.5
2017-07-10,"PCLN",1920,1936.22,1911.46,1921.819946,360800,1921.819946
2017-07-11,"PCLN",1920.89,1933.55,1903.9,1929.150024,318400,1929.150024
2017-07-12,"PCLN",1939.22,1951.4,1937,1946.180054,344200,1946.180054
2017-07-13,"PCLN",1950,1950,1934.73,1940.699951,291100,1940.699951
2017-07-14,"PCLN",1949.47,1955.62,1942.88,1950.869995,302300,1950.869995
2017-07-17,"PCLN",1949.11,1955.69,1938.45,1945.459961,264600,1945.459961
2017-07-18,"PCLN",1949,1989.04,1948.26,1976.23999,504800,1976.23999
2017-07-19,"PCLN",1981.18,1999,1980.42,1992.099976,361100,1992.099976
2017-07-20,"PCLN",2000.48,2008.65,1993.17,1999.219971,342100,1999.219971
2017-07-21,"PCLN",1993.52,2002.85,1990.18,1994.890015,232700,1994.890015
2017-07-24,"PCLN",1994.9,2005.09,1992.46,2002.01001,261700,2002.01001
2017-07-25,"PCLN",2004.69,2023.37,1995.35,2016.910034,330700,2016.910034
2017-07-26,"PCLN",2019.24,2037,2017.56,2033.209961,311800,2033.209961
2017-07-27,"PCLN",2040.05,2043.95,1996,2025.089966,487500,2025.089966
2017-07-28,"PCLN",2026.47,2040.63,2007.98,2024.060059,494700,2024.060059
2017-07-03,"HK",4.59,4.93,4.59,4.88,1957900,4.88
2017-07-05,"HK",4.89,4.97,4.38,4.43,3409400,4.43
2017-07-06,"HK",4.51,4.56,4.3,4.36,2697100,4.36
2017-07-07,"HK",4.28,4.3,4.06,4.2,1703000,4.2
2017-07-10,"HK",4.15,4.53,4.14,4.46,2244300,4.46
2017-07-11,"HK",4.46,6.84,4.46,6.75,28025300,6.75
2017-07-12,"HK",6.53,6.77,6.09,6.37,10404900,6.37
2017-07-13,"HK",6.6,6.71,6.41,6.56,3927000,6.56
2017-07-14,"HK",6.57,6.83,6.51,6.78,3684700,6.78
2017-07-17,"HK",6.78,6.91,6.5,6.56,2438700,6.56
2017-07-18,"HK",6.61,6.83,6.45,6.57,2852700,6.57
2017-07-19,"HK",6.51,7.04,6.51,6.92,3580200,6.92
2017-07-20,"HK",7.01,7.06,6.64,6.81,2462400,6.81
2017-07-21,"HK",6.86,7.03,6.76,6.81,2243500,6.81
2017-07-24,"HK",6.85,7,6.48,6.78,3290600,6.78
2017-07-25,"HK",6.95,7.15,6.74,6.93,4804000,6.93
2017-07-26,"HK",7.15,7.16,6.73,6.94,4738500,6.94
2017-07-27,"HK",6.9,6.93,6.58,6.68,3684300,6.68
2017-07-28,"HK",6.64,6.8,6.51,6.67,3463600,6.67
2017-07-03,"CGG",4.51,4.74,4.51,4.67,6200,4.67
2017-07-05,"CGG",4.62,4.66,4.48,4.66,4600,4.66
2017-07-06,"CGG",4.6,4.64,4.53,4.64,1800,4.64
2017-07-07,"CGG",4.51,4.75,4.5,4.58,2400,4.58
2017-07-10,"CGG",4.56,4.75,4.56,4.6,5600,4.6
2017-07-11,"CGG",4.59,4.73,4.59,4.73,4000,4.73
2017-07-12,"CGG",4.61,4.71,4.52,4.71,7700,4.71
2017-07-13,"CGG",4.74,4.75,4.71,4.71,1300,4.71
2017-07-14,"CGG",4.71,4.75,4.7,4.7,3500,4.7
2017-07-17,"CGG",4.62,4.62,4.53,4.59,2800,4.59
2017-07-18,"CGG",4.77,4.77,4.62,4.7,2400,4.7
2017-07-19,"CGG",4.75,4.75,4.63,4.63,300,4.63
2017-07-20,"CGG",4.63,4.63,4.63,4.63,0,4.63
2017-07-21,"CGG",4.64,4.64,4.53,4.53,200,4.53
2017-07-24,"CGG",4.5,4.5,4.5,4.5,900,4.5
2017-07-25,"CGG",4.38,4.38,4.36,4.38,1800,4.38
2017-07-26,"CGG",4.45,4.58,4.4,4.58,3200,4.58
2017-07-27,"CGG",4.54,4.54,4.48,4.48,900,4.48
2017-07-28,"CGG",4.47,4.52,4.47,4.49,1600,4.49
2017-07-03,"CFBI",14,14,13.64,13.64,2600,13.64
2017-07-05,"CFBI",5.95,6,5.597,5.85,82600,5.85
2017-07-06,"CFBI",5.79,5.9,5.665,5.68,31200,5.68
2017-07-07,"CFBI",13.79,13.98,13.79,13.98,400,13.98
2017-07-10,"CFBI",14,14,13.73,13.73,2900,13.73
2017-07-11,"CFBI",13.58,13.59,13.34,13.34,6500,13.34
2017-07-12,"CFBI",13.65,13.85,13.52,13.52,2000,13.52
2017-07-13,"CFBI",13.7,13.7,13.31,13.31,1200,13.31
2017-07-14,"CFBI",13.3,13.35,13.3,13.3,1900,13.3
2017-07-17,"CFBI",13.3,13.49,13.3,13.49,6900,13.49
2017-07-18,"CFBI",13.419,13.426,13.38,13.4,2300,13.4
2017-07-19,"CFBI",13.4,13.4,13.354,13.36,1900,13.36
2017-07-20,"CFBI",13.27,13.27,13.16,13.16,12600,13.16
2017-07-21,"CFBI",13.229,13.37,13.121,13.37,1700,13.37
2017-07-24,"CFBI",13.39,13.39,13.147,13.197,4900,13.197
2017-07-25,"CFBI",13.314,13.34,13.1,13.15,2200,13.15
2017-07-26,"CFBI",13.15,13.15,13.107,13.12,9200,13.12
2017-07-27,"CFBI",13.12,13.12,12.95,13.06,47100,13.06
2017-07-28,"CFBI",13.06,13.18,13.06,13.18,3300,13.18
2017-07-03,"PETS",40.74,41,40.34,40.549999,127800,40.549999
2017-07-05,"PETS",40.56,40.6,39.73,40.189999,266900,40.189999
2017-07-06,"PETS",39.87,40.08,38.73,39.700001,326900,39.700001
2017-07-07,"PETS",39.56,41.41,39.56,41.290001,459500,41.290001
2017-07-10,"PETS",41.46,41.63,39.32,40.509998,505800,40.509998
2017-07-11,"PETS",38.19,39.58,36.1,39.450001,928200,39.450001
2017-07-12,"PETS",39.72,40.18,39.5,39.849998,373200,39.849998
2017-07-13,"PETS",39.58,40.64,39.58,40.02,377400,40.02
2017-07-14,"PETS",40.02,40.24,39.61,39.709999,264600,39.709999
2017-07-17,"PETS",39.75,39.75,38.77,39.279999,477800,39.279999
2017-07-18,"PETS",39.3,40.38,39.02,40.110001,580600,40.110001
2017-07-19,"PETS",40.12,40.7,39.97,40.169998,516500,40.169998
2017-07-20,"PETS",40.2,40.26,38.8,38.990002,516800,38.990002
2017-07-21,"PETS",39.07,40.55,39,40.540001,1068800,40.540001
2017-07-24,"PETS",43.26,48.52,42.83,47.950001,4392600,47.950001
2017-07-25,"PETS",47.99,48.87,46.48,48.080002,1210000,48.080002
2017-07-26,"PETS",48.36,50.65,48.13,50.540001,968400,50.540001
2017-07-27,"PETS",50.24,50.9,47.28,48.959999,1049100,48.959999
2017-07-28,"PETS",48.56,48.98,47.04,48.369999,736000,48.369999
2017-07-03,"GILD",71.11,71.6,70.56,70.699997,3453000,70.699997
2017-07-05,"GILD",70.83,71.29,70.16,70.860001,7219600,70.860001
2017-07-06,"GILD",70.66,70.74,69.19,69.480003,7989000,69.480003
2017-07-07,"GILD",69.69,69.69,68.54,69.25,6535800,69.25
2017-07-10,"GILD",69.24,69.74,69.12,69.290001,6485900,69.290001
2017-07-11,"GILD",68.99,69.5,68.61,69.349998,6442700,69.349998
2017-07-12,"GILD",69.77,70.13,69.61,69.800003,5585200,69.800003
2017-07-13,"GILD",69.99,70.98,69.52,70.580002,7533900,70.580002
2017-07-14,"GILD",70.74,71.03,70.42,70.57,5234600,70.57
2017-07-17,"GILD",70.58,71.86,70.4,71.150002,7612400,71.150002
2017-07-18,"GILD",71.3,71.73,70.72,71.690002,6096700,71.690002
2017-07-19,"GILD",72,72.74,71.77,72.720001,8312400,72.720001
2017-07-20,"GILD",72.86,73.74,72.77,73.419998,9271400,73.419998
2017-07-21,"GILD",73.32,74.41,73.28,73.760002,8874000,73.760002
2017-07-24,"GILD",73.7,74.42,73.19,74.389999,8943200,74.389999
2017-07-25,"GILD",74.72,75.29,73.62,73.739998,9061200,73.739998
2017-07-26,"GILD",74.1,74.27,73.62,74.190002,10695300,74.190002
2017-07-27,"GILD",75.43,75.99,74.45,74.959999,13871000,74.959999
2017-07-28,"GILD",75.01,76.03,74.75,75.940002,8911500,75.940002
2017-07-03,"ARTX",3.55,3.6,3.5,3.6,60500,3.6
2017-07-05,"ARTX",3.6,3.8,3.6,3.7,280500,3.7
2017-07-06,"ARTX",3.6,3.75,3.6,3.7,110500,3.7
2017-07-07,"ARTX",3.75,3.75,3.5,3.55,144700,3.55
2017-07-10,"ARTX",3.6,3.65,3.4,3.6,174200,3.6
2017-07-11,"ARTX",3.7,3.8,3.6,3.7,266800,3.7
2017-07-12,"ARTX",3.8,3.9,3.7,3.9,319200,3.9
2017-07-13,"ARTX",3.95,3.95,3.85,3.9,293400,3.9
2017-07-14,"ARTX",3.95,4,3.85,3.9,185600,3.9
2017-07-17,"ARTX",4,4,3.75,3.85,232800,3.85
2017-07-18,"ARTX",3.85,3.86,3.8,3.85,145200,3.85
2017-07-19,"ARTX",3.85,3.85,3.8,3.8,138100,3.8
2017-07-20,"ARTX",3.85,3.95,3.8,3.95,169300,3.95
2017-07-21,"ARTX",3.95,3.95,3.75,3.85,358000,3.85
2017-07-24,"ARTX",3.9,3.95,3.85,3.95,145200,3.95
2017-07-25,"ARTX",3.95,4.05,3.9,3.95,322100,3.95
2017-07-26,"ARTX",4,4.05,3.75,3.75,465600,3.75
2017-07-27,"ARTX",3.8,3.83,3.65,3.75,280000,3.75
2017-07-28,"ARTX",3.75,3.75,3.7,3.75,103600,3.75
2017-07-03,"SGRY",22.85,22.85,22.15,22.299999,52600,22.299999
2017-07-05,"SGRY",22.3,22.5,21.9,21.9,168600,21.9
2017-07-06,"SGRY",21.75,21.9,21.1,21.15,152000,21.15
2017-07-07,"SGRY",21.3,21.7,20.65,21.299999,318300,21.299999
2017-07-10,"SGRY",21.2,21.3,20.65,20.75,159300,20.75
2017-07-11,"SGRY",20.8,21.2,20.5,20.799999,270600,20.799999
2017-07-12,"SGRY",20.4,21.05,20.4,20.85,413900,20.85
2017-07-13,"SGRY",20.65,20.775,20.35,20.4,194000,20.4
2017-07-14,"SGRY",20.45,21.9,20.45,21.6,195700,21.6
2017-07-17,"SGRY",21.7,21.75,21.1,21.5,300300,21.5
2017-07-18,"SGRY",21.4,21.65,20.75,20.85,191900,20.85
2017-07-19,"SGRY",20.85,21.65,20.85,21.299999,707700,21.299999
2017-07-20,"SGRY",21.35,21.75,21.225,21.549999,194800,21.549999
2017-07-21,"SGRY",21.7,21.7,21.25,21.35,166500,21.35
2017-07-24,"SGRY",21.4,21.5,21.142,21.450001,108400,21.450001
2017-07-25,"SGRY",21.6,21.6,21.15,21.35,95700,21.35
2017-07-26,"SGRY",21.35,21.65,21,21.450001,136300,21.450001
2017-07-27,"SGRY",21.55,21.55,20.15,20.25,130900,20.25
2017-07-28,"SGRY",20.35,20.5,19.9,20.299999,103400,20.299999
2017-07-03,"HFBC",14.41,14.45,14.41,14.4,500,14.349999
2017-07-05,"HFBC",14.35,14.9,14.25,14.27,3900,14.27
2017-07-06,"HFBC",14.6,14.6,14.6,14.6,400,14.6
2017-07-07,"HFBC",14.34,14.46,14.31,14.44,1400,14.44
2017-07-10,"HFBC",14.31,14.44,14.31,14.44,1300,14.44
2017-07-11,"HFBC",14.33,14.55,14.33,14.35,1100,14.35
2017-07-12,"HFBC",14.35,14.35,14.34,14.34,200,14.34
2017-07-13,"HFBC",14.34,14.34,14.34,14.34,0,14.34
2017-07-14,"HFBC",14.35,14.57,14.35,14.57,900,14.57
2017-07-17,"HFBC",14.39,14.4,14.35,14.35,1500,14.35
2017-07-18,"HFBC",14.25,14.25,14.25,14.25,1200,14.25
2017-07-19,"HFBC",14.24,14.24,14.24,14.24,300,14.24
2017-07-20,"HFBC",14.21,14.22,14.2,14.22,1700,14.22
2017-07-21,"HFBC",14.6,14.64,14.2,14.64,3900,14.64
2017-07-24,"HFBC",14.64,14.66,14.4,14.6,2600,14.6
2017-07-25,"HFBC",14.44,14.75,14.4,14.4,4000,14.4
2017-07-26,"HFBC",14.6,14.6,14.6,14.6,100,14.6
2017-07-27,"HFBC",14.2,14.75,14.2,14.74,4400,14.74
2017-07-28,"HFBC",14.71,14.88,14.65,14.75,2000,14.75
2017-07-03,"MYI",14.418,14.438,14.367,14.33,40700,14.262704
2017-07-05,"MYI",14.367,14.418,14.287,14.29,119300,14.222892
2017-07-06,"MYI",14.317,14.367,14.267,14.21,94500,14.143268
2017-07-07,"MYI",14.257,14.347,14.237,14.26,59100,14.193033
2017-07-10,"MYI",14.327,14.458,14.327,14.39,53100,14.322423
2017-07-11,"MYI",14.448,14.558,14.428,14.48,63000,14.412
2017-07-12,"MYI",14.46,14.5,14.39,14.39,62500,14.39
2017-07-13,"MYI",14.45,14.48,14.31,14.36,127900,14.36
2017-07-14,"MYI",14.43,14.48,14.4,14.48,41200,14.48
2017-07-17,"MYI",14.48,14.5,14.34,14.42,78700,14.42
2017-07-18,"MYI",14.42,14.48,14.38,14.4,60800,14.4
2017-07-19,"MYI",14.42,14.47,14.37,14.38,64000,14.38
2017-07-20,"MYI",14.43,14.44,14.36,14.38,44000,14.38
2017-07-21,"MYI",14.4,14.48,14.37,14.45,37400,14.45
2017-07-24,"MYI",14.44,14.45,14.33,14.39,45600,14.39
2017-07-25,"MYI",14.38,14.38,14.27,14.35,85000,14.35
2017-07-26,"MYI",14.31,14.44,14.31,14.43,47100,14.43
2017-07-27,"MYI",14.4,14.47,14.36,14.38,101900,14.38
2017-07-28,"MYI",14.41,14.56,14.41,14.56,66900,14.56
2017-07-03,"BTN",6.7,6.7,6.7,6.7,0,6.7
2017-07-05,"BTN",6.5,6.7,6.5,6.55,65600,6.55
2017-07-06,"BTN",6.65,6.9,6.25,6.25,62000,6.25
2017-07-07,"BTN",6.47,6.8,6.21,6.75,5700,6.75
2017-07-10,"BTN",6.73,6.76,6.55,6.6,9800,6.6
2017-07-11,"BTN",6.5,6.8,6.45,6.45,22200,6.45
2017-07-12,"BTN",6.55,6.95,6.55,6.81,60200,6.81
2017-07-13,"BTN",6.85,6.85,6.6,6.75,44600,6.75
2017-07-14,"BTN",6.8,6.8,6.7,6.75,26200,6.75
2017-07-17,"BTN",6.65,6.9,6.5,6.7,166900,6.7
2017-07-18,"BTN",6.75,6.8,6.55,6.8,89700,6.8
2017-07-19,"BTN",6.8,6.8,6.55,6.55,88500,6.55
2017-07-20,"BTN",6.6,6.95,6.6,6.85,29600,6.85
2017-07-21,"BTN",6.7,6.8,6.7,6.72,6200,6.72
2017-07-24,"BTN",6.7,7,6.65,6.95,16500,6.95
2017-07-25,"BTN",6.76,6.95,6.7,6.75,13700,6.75
2017-07-26,"BTN",6.75,6.85,6.65,6.85,4300,6.85
2017-07-27,"BTN",6.8,6.8,6.6,6.8,8600,6.8
2017-07-28,"BTN",6.8,6.95,6.65,6.95,10100,6.95
2017-07-03,"CHTR",338.26,339.45,328.65,328.670013,793700,328.670013
2017-07-05,"CHTR",329.23,335.24,328.8,335.109985,1341900,335.109985
2017-07-06,"CHTR",334.01,335.52,331.06,332.179993,1251900,332.179993
2017-07-07,"CHTR",332.08,334.43,330.58,332.429993,870500,332.429993
2017-07-10,"CHTR",333.13,338.4,332.1,336.600006,1016000,336.600006
2017-07-11,"CHTR",337.12,339.85,334.44,337.850006,953300,337.850006
2017-07-12,"CHTR",340.79,344.83,339.05,342.649994,1071200,342.649994
2017-07-13,"CHTR",343.07,343.23,338,339.040009,930200,339.040009
2017-07-14,"CHTR",340.8,344.51,335.79,342.799988,1086000,342.799988
2017-07-17,"CHTR",342.09,345.28,341.95,342.309998,967100,342.309998
2017-07-18,"CHTR",340.98,345.42,338.4,344.630005,895200,344.630005
2017-07-19,"CHTR",345.02,347.26,342.97,346.609985,1256300,346.609985
2017-07-20,"CHTR",346.47,349.67,344.32,345.299988,1244800,345.299988
2017-07-21,"CHTR",345.3,351.87,345.3,350.070007,1340200,350.070007
2017-07-24,"CHTR",349.79,350.43,345.25,348.079987,1473700,348.079987
2017-07-25,"CHTR",349.47,350.89,346.58,348,881700,348
2017-07-26,"CHTR",348.8,351.68,346.03,348.769989,2265800,348.769989
2017-07-27,"CHTR",354,370.96,353.02,366.899994,3552400,366.899994
2017-07-28,"CHTR",365.39,372.37,361,370.26001,1593700,370.26001
2017-07-03,"SONC",26.57,26.89,26.34,26.76,679700,26.76
2017-07-05,"SONC",26.76,26.99,25.89,26.27,1198200,26.27
2017-07-06,"SONC",26.16,26.39,26.06,26.16,687500,26.16
2017-07-07,"SONC",26.16,26.59,26.03,26.35,736700,26.35
2017-07-10,"SONC",26.4,26.46,26.07,26.110001,544500,26.110001
2017-07-11,"SONC",26.13,26.45,26.04,26.110001,713300,26.110001
2017-07-12,"SONC",26.27,26.52,25.75,25.860001,975400,25.860001
2017-07-13,"SONC",25.83,25.94,25.28,25.84,765100,25.84
2017-07-14,"SONC",25.75,26.1,25.67,25.76,621200,25.76
2017-07-17,"SONC",25.78,26.15,25.78,25.84,673200,25.84
2017-07-18,"SONC",25.75,25.75,25.2,25.34,779400,25.34
2017-07-19,"SONC",25.3,25.33,24.99,25.110001,1043600,25.110001
2017-07-20,"SONC",25.14,25.21,24.64,24.67,794800,24.67
2017-07-21,"SONC",24.75,24.8,24.46,24.690001,736300,24.690001
2017-07-24,"SONC",24.67,24.81,24.39,24.51,707600,24.51
2017-07-25,"SONC",24.56,25.14,24.45,25,866700,25
2017-07-26,"SONC",25.04,25.05,24.44,24.469999,758000,24.469999
2017-07-27,"SONC",24.43,24.68,24.18,24.24,737800,24.24
2017-07-28,"SONC",24.19,24.28,23.48,23.68,844100,23.68
2017-07-03,"SQ",23.55,23.6,22.66,22.83,3584100,22.83
2017-07-05,"SQ",23.3,24.16,23.05,23.76,9203000,23.76
2017-07-06,"SQ",23.72,23.9,23.19,23.219999,5135100,23.219999
2017-07-07,"SQ",23.43,23.82,23.391,23.59,3423900,23.59
2017-07-10,"SQ",23.58,24.13,23.44,23.940001,4661100,23.940001
2017-07-11,"SQ",24,25.56,23.81,25.440001,17666000,25.440001
2017-07-12,"SQ",25.61,26.435,25.16,26.209999,15317900,26.209999
2017-07-13,"SQ",26.18,26.5,25.66,25.98,8413000,25.98
2017-07-14,"SQ",26.03,26.65,25.97,26.33,6816700,26.33
2017-07-17,"SQ",26.49,26.62,26.06,26.190001,4231300,26.190001
2017-07-18,"SQ",26.3,26.79,26.17,26.59,7662500,26.59
2017-07-19,"SQ",26.75,26.772,26.2,26.360001,4567500,26.360001
2017-07-20,"SQ",26.44,26.55,26.22,26.389999,4154800,26.389999
2017-07-21,"SQ",26.54,27.11,26.37,26.85,5700500,26.85
2017-07-24,"SQ",26.85,26.995,26.22,26.75,9104200,26.75
2017-07-25,"SQ",26.85,26.92,26.35,26.889999,4223400,26.889999
2017-07-26,"SQ",26.93,27.68,26.85,27.309999,7892800,27.309999
2017-07-27,"SQ",27.94,27.97,25.2,25.92,14476100,25.92
2017-07-28,"SQ",26.1,26.58,25.6,26.200001,7753300,26.200001
2017-07-03,"JBHT",92.04,93.48,92.04,93.220001,551900,93.220001
2017-07-05,"JBHT",93.21,94.17,92.82,93.25,1604900,93.25
2017-07-06,"JBHT",93.91,93.92,92.08,92.25,1085500,92.25
2017-07-07,"JBHT",92.71,93.94,92.26,93.650002,1122200,93.650002
2017-07-10,"JBHT",93.42,93.7,92.69,92.730003,1155800,92.730003
2017-07-11,"JBHT",92.42,92.72,91.26,91.470001,824900,91.470001
2017-07-12,"JBHT",92.17,93.39,91.52,91.949997,582800,91.949997
2017-07-13,"JBHT",92.09,92.25,90.89,91.260002,1146100,91.260002
2017-07-14,"JBHT",91.26,92.3,91.02,91.849998,1031400,91.849998
2017-07-17,"JBHT",90.48,94.45,90.28,93.529999,2422100,93.529999
2017-07-18,"JBHT",93.18,93.75,91.78,92.010002,1125100,92.010002
2017-07-19,"JBHT",92.08,92.14,91.12,91.699997,804300,91.699997
2017-07-20,"JBHT",91.51,91.77,90.66,91.529999,530400,91.529999
2017-07-21,"JBHT",91.3,92.16,90.51,91.559998,1092700,91.559998
2017-07-24,"JBHT",91.33,91.71,90.51,91.540001,718300,91.540001
2017-07-25,"JBHT",92.3,94.05,92.16,93.360001,971000,93.360001
2017-07-26,"JBHT",93.48,93.84,92.88,93.599998,729600,93.599998
2017-07-27,"JBHT",93.18,93.4,90.07,90.849998,1078000,90.849998
2017-07-28,"JBHT",90.7,91.61,90.36,90.370003,712800,90.370003
2017-07-03,"ECA",8.86,9.02,8.85,8.98,3844200,8.98
2017-07-05,"ECA",8.86,8.9,8.52,8.58,8817300,8.58
2017-07-06,"ECA",8.69,8.77,8.49,8.52,8448800,8.52
2017-07-07,"ECA",8.46,8.49,8.16,8.39,5919300,8.39
2017-07-10,"ECA",8.32,8.81,8.31,8.76,8977800,8.76
2017-07-11,"ECA",8.75,8.91,8.6,8.87,8569200,8.87
2017-07-12,"ECA",9.05,9.4,8.92,9.15,19037000,9.15
2017-07-13,"ECA",9.17,9.26,9.06,9.24,8815200,9.24
2017-07-14,"ECA",9.32,9.52,9.21,9.45,11753900,9.45
2017-07-17,"ECA",9.48,9.54,9.32,9.36,9336900,9.36
2017-07-18,"ECA",9.52,9.56,9.23,9.5,14538100,9.5
2017-07-19,"ECA",9.52,9.99,9.43,9.94,17337400,9.94
2017-07-20,"ECA",10.03,10.09,9.64,9.67,11843900,9.67
2017-07-21,"ECA",10,10.07,9.76,9.83,30368200,9.83
2017-07-24,"ECA",9.94,10.07,9.87,9.95,12600900,9.95
2017-07-25,"ECA",10.09,10.48,10.06,10.35,14211800,10.35
2017-07-26,"ECA",10.49,10.74,9.97,10.02,24296200,10.02
2017-07-27,"ECA",10.07,10.3,10.03,10.29,18744600,10.29
2017-07-28,"ECA",10.31,10.45,10.11,10.16,15056800,10.16
2017-07-03,"DGRS",33.47,33.68,33.47,33.509998,5100,33.460251
2017-07-05,"DGRS",33.65,33.65,33.189,33.220001,4700,33.170685
2017-07-06,"DGRS",33.109,33.299,33.089,33.040001,20900,32.990952
2017-07-07,"DGRS",33.159,33.41,33.049,33.360001,8300,33.310474
2017-07-10,"DGRS",33.259,33.46,33.129,33.189999,22600,33.140724
2017-07-11,"DGRS",33.149,33.219,32.989,33.16,8200,33.110771
2017-07-12,"DGRS",33.46,33.64,33.329,33.34,10700,33.290504
2017-07-13,"DGRS",33.279,33.36,33.199,33.240002,7600,33.190655
2017-07-14,"DGRS",33.38,33.53,33.339,33.389999,13200,33.340431
2017-07-17,"DGRS",33.35,33.66,33.35,33.470001,14200,33.420311
2017-07-18,"DGRS",33.55,33.55,33.259,33.34,119400,33.290504
2017-07-19,"DGRS",33.42,33.77,33.42,33.689999,14300,33.639984
2017-07-20,"DGRS",33.81,33.92,33.77,33.779999,21600,33.729851
2017-07-21,"DGRS",33.86,33.86,33.66,33.68,17900,33.630001
2017-07-24,"DGRS",33.58,33.61,33.48,33.610001,14100,33.610001
2017-07-25,"DGRS",33.85,34.05,33.75,34.029999,13700,34.029999
2017-07-26,"DGRS",33.95,33.95,33.68,33.68,138900,33.68
2017-07-27,"DGRS",33.68,33.82,33.6,33.630001,18600,33.630001
2017-07-28,"DGRS",33.66,33.72,33.45,33.560001,4600,33.560001
2017-07-03,"IOTS",4.6,4.6,4.35,4.35,29300,4.35
2017-07-05,"IOTS",4.4,4.55,4.35,4.45,25000,4.45
2017-07-06,"IOTS",4.45,4.575,4.4,4.45,16100,4.45
2017-07-07,"IOTS",4.5,4.6,4.5,4.6,14500,4.6
2017-07-10,"IOTS",4.55,4.95,4.55,4.9,68000,4.9
2017-07-11,"IOTS",4.95,4.95,4.7,4.75,13100,4.75
2017-07-12,"IOTS",4.7,4.75,4.65,4.75,16900,4.75
2017-07-13,"IOTS",4.75,4.75,4.673,4.7,16300,4.7
2017-07-14,"IOTS",4.65,4.75,4.55,4.75,52800,4.75
2017-07-17,"IOTS",4.7,4.7,4.5,4.5,8000,4.5
2017-07-18,"IOTS",4.55,4.75,4.55,4.7,6200,4.7
2017-07-19,"IOTS",4.75,4.95,4.715,4.9,33000,4.9
2017-07-20,"IOTS",4.95,5,4.887,4.95,11200,4.95
2017-07-21,"IOTS",4.9,4.95,4.75,4.95,48000,4.95
2017-07-24,"IOTS",4.95,5,4.85,4.85,34600,4.85
2017-07-25,"IOTS",4.855,5.1,4.855,5,19900,5
2017-07-26,"IOTS",5.15,5.15,4.85,4.85,111400,4.85
2017-07-27,"IOTS",4.85,5.05,4.625,4.65,43500,4.65
2017-07-28,"IOTS",4.7,4.75,4.65,4.75,9300,4.75
2017-07-03,"SYNL",11.3,11.85,11.1,11.15,1100,11.15
2017-07-05,"SYNL",11.1,11.18,11.05,11.15,1400,11.15
2017-07-06,"SYNL",11.25,11.25,11.15,11.25,1500,11.25
2017-07-07,"SYNL",11.17,11.3,11.05,11.2,2600,11.2
2017-07-10,"SYNL",11.2,11.35,11.1,11.1,4900,11.1
2017-07-11,"SYNL",11.35,11.35,11.1,11.1,1100,11.1
2017-07-12,"SYNL",11.1,11.3,11.1,11.15,6700,11.15
2017-07-13,"SYNL",11.25,11.45,11.05,11.1,4400,11.1
2017-07-14,"SYNL",11.35,11.35,11.15,11.15,9200,11.15
2017-07-17,"SYNL",11.3,11.35,11.1,11.35,3300,11.35
2017-07-18,"SYNL",11.11,11.4,11.11,11.4,8500,11.4
2017-07-19,"SYNL",11.4,11.45,11.1,11.1,12300,11.1
2017-07-20,"SYNL",11.15,11.2,11.05,11.2,4200,11.2
2017-07-21,"SYNL",11.05,11.25,10.8,10.85,7600,10.85
2017-07-24,"SYNL",10.8,10.95,10.6,10.65,5700,10.65
2017-07-25,"SYNL",10.65,10.85,10.3,10.3,17000,10.3
2017-07-26,"SYNL",10.6,10.8,10.55,10.7,12600,10.7
2017-07-27,"SYNL",10.7,10.95,10.7,10.95,5600,10.95
2017-07-28,"SYNL",10.95,11.4,10.71,11.4,1700,11.4
2017-07-03,"NE",3.66,4.05,3.65,3.91,9485900,3.91
2017-07-05,"NE",3.86,3.87,3.62,3.77,8931500,3.77
2017-07-06,"NE",3.74,3.77,3.49,3.52,13692300,3.52
2017-07-07,"NE",3.45,3.51,3.35,3.39,12617800,3.39
2017-07-10,"NE",3.34,3.59,3.32,3.57,9144100,3.57
2017-07-11,"NE",3.55,3.75,3.45,3.69,17100000,3.69
2017-07-12,"NE",3.78,3.87,3.63,3.7,13626500,3.7
2017-07-13,"NE",3.7,3.92,3.67,3.88,9906600,3.88
2017-07-14,"NE",3.89,3.99,3.84,3.91,6461000,3.91
2017-07-17,"NE",3.87,3.96,3.85,3.95,6385100,3.95
2017-07-18,"NE",4.02,4.02,3.87,3.97,6250400,3.97
2017-07-19,"NE",3.97,4.35,3.94,4.27,13121600,4.27
2017-07-20,"NE",4.3,4.37,4.05,4.12,9353200,4.12
2017-07-21,"NE",4.13,4.14,3.9,4,9151400,4
2017-07-24,"NE",4.04,4.05,3.91,3.97,4278900,3.97
2017-07-25,"NE",4.07,4.18,4.06,4.1,6067600,4.1
2017-07-26,"NE",4.15,4.15,3.98,4.05,9360200,4.05
2017-07-27,"NE",4.04,4.09,3.91,4.06,5140400,4.06
2017-07-28,"NE",4.03,4.25,4,4.04,7350600,4.04
2017-07-03,"MSBF",17.6,17.65,17.5,17.549999,3100,17.549999
2017-07-05,"MSBF",17.34,17.34,17.34,17.34,300,17.34
2017-07-06,"MSBF",17.45,17.5,17.45,17.5,1500,17.5
2017-07-07,"MSBF",17.15,17.5,17.15,17.5,8200,17.5
2017-07-10,"MSBF",17.4,17.55,17.15,17.549999,3000,17.549999
2017-07-11,"MSBF",17.65,17.65,17.2,17.200001,900,17.200001
2017-07-12,"MSBF",17.35,17.45,17.3,17.450001,2200,17.450001
2017-07-13,"MSBF",17.45,17.5,17.45,17.5,400,17.5
2017-07-14,"MSBF",17.2,17.5,17.2,17.5,600,17.5
2017-07-17,"MSBF",17.5,17.5,17.15,17.15,5900,17.15
2017-07-18,"MSBF",17.45,17.47,17.25,17.299999,1000,17.299999
2017-07-19,"MSBF",17.15,17.15,17.15,17.15,400,17.15
2017-07-20,"MSBF",17.41,17.65,17.38,17.5,1400,17.5
2017-07-21,"MSBF",17.45,17.5,17.45,17.450001,2000,17.450001
2017-07-24,"MSBF",17.5,17.5,17.2,17.43,5600,17.43
2017-07-25,"MSBF",17.45,17.5,17.3,17.35,3700,17.35
2017-07-26,"MSBF",17.45,17.5,17.45,17.5,200,17.5
2017-07-27,"MSBF",17.38,17.38,17.38,17.379999,400,17.379999
2017-07-28,"MSBF",17.45,17.45,17.25,17.25,2100,17.25
2017-07-03,"FRO",5.73,5.88,5.72,5.85,446200,5.85
2017-07-05,"FRO",5.86,5.87,5.74,5.82,459300,5.82
2017-07-06,"FRO",5.78,5.86,5.76,5.77,481200,5.77
2017-07-07,"FRO",5.81,5.82,5.65,5.66,429600,5.66
2017-07-10,"FRO",5.7,5.82,5.68,5.77,261400,5.77
2017-07-11,"FRO",5.78,5.86,5.75,5.81,454500,5.81
2017-07-12,"FRO",5.89,5.92,5.75,5.79,540300,5.79
2017-07-13,"FRO",5.88,6,5.82,5.97,657200,5.97
2017-07-14,"FRO",6.02,6.2,6.01,6.19,875400,6.19
2017-07-17,"FRO",6.21,6.29,6.18,6.27,532900,6.27
2017-07-18,"FRO",6.28,6.34,6.24,6.28,660100,6.28
2017-07-19,"FRO",6.31,6.5,6.3,6.39,688100,6.39
2017-07-20,"FRO",6.39,6.4,6.27,6.33,611500,6.33
2017-07-21,"FRO",6.19,6.19,5.86,5.9,1537300,5.9
2017-07-24,"FRO",5.94,5.94,5.8,5.81,647300,5.81
2017-07-25,"FRO",5.88,5.92,5.79,5.8,502100,5.8
2017-07-26,"FRO",5.78,5.8,5.68,5.72,630200,5.72
2017-07-27,"FRO",5.75,5.79,5.71,5.73,387700,5.73
2017-07-28,"FRO",5.79,5.88,5.79,5.82,392000,5.82
2017-07-03,"SGLB",2.29,2.29,2.21,2.23,9900,2.23
2017-07-05,"SGLB",2.2,2.27,2.2,2.23,16800,2.23
2017-07-06,"SGLB",2.23,2.32,2.23,2.32,18700,2.32
2017-07-07,"SGLB",2.279,2.31,2.12,2.3,25900,2.3
2017-07-10,"SGLB",2.35,2.35,2.15,2.3,15700,2.3
2017-07-11,"SGLB",2.21,2.24,2.2,2.2,2800,2.2
2017-07-12,"SGLB",2.18,2.276,2.18,2.2628,3600,2.2628
2017-07-13,"SGLB",2.295,2.36,2.2,2.28,11300,2.28
2017-07-14,"SGLB",2.32,2.32,2.28,2.28,8200,2.28
2017-07-17,"SGLB",2.355,2.357,2.28,2.3,1600,2.3
2017-07-18,"SGLB",2.29,2.3,2.272,2.29,6000,2.29
2017-07-19,"SGLB",2.3,2.3,2.252,2.26,3300,2.26
2017-07-20,"SGLB",2.18,2.285,2.17,2.19,26400,2.19
2017-07-21,"SGLB",2.15,2.2,2.15,2.16,15200,2.16
2017-07-24,"SGLB",2.18,2.18,2.15,2.17,6100,2.17
2017-07-25,"SGLB",2.19,2.19,2.15,2.15,6600,2.15
2017-07-26,"SGLB",2.19,2.19,2.15,2.16,7700,2.16
2017-07-27,"SGLB",2.15,2.16,2.12,2.12,6000,2.12
2017-07-28,"SGLB",2.01,2.174,2.01,2.16,9600,2.16
2017-07-03,"SHLD",8.84,9.19,8.8,9.19,729500,9.19
2017-07-05,"SHLD",9.15,9.15,8.69,8.69,787400,8.69
2017-07-06,"SHLD",8.6,8.69,7.89,7.93,1044300,7.93
2017-07-07,"SHLD",7.96,7.96,7.55,7.78,853800,7.78
2017-07-10,"SHLD",7.75,7.75,7.27,7.46,772300,7.46
2017-07-11,"SHLD",7.5,7.91,7.48,7.6,706500,7.6
2017-07-12,"SHLD",7.64,7.89,7.51,7.64,617400,7.64
2017-07-13,"SHLD",7.69,8.25,7.35,8.19,1422800,8.19
2017-07-14,"SHLD",8.08,8.25,7.97,8.06,742900,8.06
2017-07-17,"SHLD",8.14,9.11,8.02,9.04,1660800,9.04
2017-07-18,"SHLD",9.05,9.54,8.76,9.01,2392300,9.01
2017-07-19,"SHLD",8.93,9.29,8.58,8.68,1359900,8.68
2017-07-20,"SHLD",10.41,10.76,9.45,9.6,11798900,9.6
2017-07-21,"SHLD",9.75,9.8,8.74,8.83,3467300,8.83
2017-07-24,"SHLD",8.74,8.78,8.15,8.4,2017600,8.4
2017-07-25,"SHLD",8.38,9.05,8.35,8.81,2044500,8.81
2017-07-26,"SHLD",8.75,8.97,8.62,8.76,771900,8.76
2017-07-27,"SHLD",8.69,9.37,8.67,9.3,1603900,9.3
2017-07-28,"SHLD",9.22,9.43,9,9.21,1006300,9.21
2017-07-03,"FBK",36.29,36.83,36.26,36.380001,30600,36.380001
2017-07-05,"FBK",36.39,36.41,36.17,36.189999,34500,36.189999
2017-07-06,"FBK",36.05,36.55,36.05,36.419998,82200,36.419998
2017-07-07,"FBK",36.47,36.76,36.23,36.34,90800,36.34
2017-07-10,"FBK",36.18,36.59,35.72,35.830002,166200,35.830002
2017-07-11,"FBK",35.01,36.005,35.01,35.759998,120700,35.759998
2017-07-12,"FBK",35.22,35.86,35.22,35.720001,141700,35.720001
2017-07-13,"FBK",35.06,35.94,35.02,35.5,93000,35.5
2017-07-14,"FBK",35.89,35.89,34.76,34.759998,262000,34.759998
2017-07-17,"FBK",34.06,35.225,34.06,34.860001,103700,34.860001
2017-07-18,"FBK",34.81,35.3,34.46,34.779999,71500,34.779999
2017-07-19,"FBK",35.18,35.28,34.39,34.41,75400,34.41
2017-07-20,"FBK",34.5,34.75,33.96,34,109000,34
2017-07-21,"FBK",34.66,34.935,33.14,34.509998,197000,34.509998
2017-07-24,"FBK",35.99,35.99,33.72,33.889999,72800,33.889999
2017-07-25,"FBK",34.16,34.89,33.74,34.369999,101700,34.369999
2017-07-26,"FBK",34.43,34.5,33.47,33.73,58300,33.73
2017-07-27,"FBK",33.74,33.83,33.29,33.619999,34700,33.619999
2017-07-28,"FBK",33.62,34.43,33.49,34.099998,37400,34.099998
2017-07-03,"DXLG",2.4,2.5,2.25,2.35,120600,2.35
2017-07-05,"DXLG",2.35,2.4,2.2,2.25,289100,2.25
2017-07-06,"DXLG",2.25,2.25,2,2,407200,2
2017-07-07,"DXLG",2,2.05,1.91,2.05,264500,2.05
2017-07-10,"DXLG",2.05,2.13,1.85,2,386800,2
2017-07-11,"DXLG",2.05,2.05,1.9,1.95,266100,1.95
2017-07-12,"DXLG",1.95,2,1.9,1.95,175900,1.95
2017-07-13,"DXLG",1.95,2,1.9,2,140600,2
2017-07-14,"DXLG",2,2.05,1.95,2,307000,2
2017-07-17,"DXLG",2,2.05,1.93,2.05,160900,2.05
2017-07-18,"DXLG",2,2.15,1.98,2.15,231900,2.15
2017-07-19,"DXLG",2.15,2.15,2.05,2.05,151200,2.05
2017-07-20,"DXLG",2.05,2.15,1.95,2,147800,2
2017-07-21,"DXLG",2,2,1.85,1.9,234200,1.9
2017-07-24,"DXLG",1.9,1.95,1.8,1.8,196500,1.8
2017-07-25,"DXLG",1.84,1.88,1.7,1.75,420300,1.75
2017-07-26,"DXLG",1.75,1.9,1.75,1.85,171100,1.85
2017-07-27,"DXLG",1.85,2.15,1.85,2,282700,2
2017-07-28,"DXLG",2,2.1,2,2,62800,2
2017-07-03,"ETV",15.38,15.42,15.339,15.29,97600,15.181136
2017-07-05,"ETV",15.38,15.48,15.349,15.33,146900,15.220851
2017-07-06,"ETV",15.42,15.43,15.359,15.25,151100,15.14142
2017-07-07,"ETV",15.369,15.41,15.369,15.26,128300,15.15135
2017-07-10,"ETV",15.38,15.47,15.369,15.33,90500,15.220851
2017-07-11,"ETV",15.45,15.551,15.42,15.4,240800,15.290352
2017-07-12,"ETV",15.541,15.611,15.541,15.47,131400,15.359855
2017-07-13,"ETV",15.561,15.641,15.531,15.43,174800,15.32014
2017-07-14,"ETV",15.601,15.631,15.571,15.5,119000,15.389641
2017-07-17,"ETV",15.571,15.631,15.571,15.46,138500,15.349926
2017-07-18,"ETV",15.591,15.732,15.571,15.61,174300,15.498857
2017-07-19,"ETV",15.742,15.742,15.692,15.59,172500,15.479
2017-07-20,"ETV",15.51,15.55,15.47,15.49,126300,15.49
2017-07-21,"ETV",15.45,15.49,15.45,15.47,94500,15.47
2017-07-24,"ETV",15.53,15.53,15.45,15.48,78000,15.48
2017-07-25,"ETV",15.5,15.5,15.44,15.46,156900,15.46
2017-07-26,"ETV",15.5,15.54,15.47,15.53,135500,15.53
2017-07-27,"ETV",15.53,15.54,15.39,15.41,125300,15.41
2017-07-28,"ETV",15.43,15.45,15.38,15.4,126300,15.4
2017-07-03,"NVR",2413.11,2440.61,2397.86,2410.610107,11500,2410.610107
2017-07-05,"NVR",2397.91,2433.46,2393.82,2422.439941,19200,2422.439941
2017-07-06,"NVR",2414.95,2454.76,2405.41,2448.879883,36400,2448.879883
2017-07-07,"NVR",2449.02,2521.7,2449.02,2497.790039,24500,2497.790039
2017-07-10,"NVR",2475,2529.2,2475,2526.919922,22700,2526.919922
2017-07-11,"NVR",2521.54,2541.26,2491,2514.699951,22700,2514.699951
2017-07-12,"NVR",2520,2533.17,2495.01,2524.800049,25900,2524.800049
2017-07-13,"NVR",2528.9,2536.43,2516.93,2526.189941,10600,2526.189941
2017-07-14,"NVR",2526,2541.46,2524.34,2530.800049,13600,2530.800049
2017-07-17,"NVR",2529.65,2544.5,2519.2,2536.790039,11400,2536.790039
2017-07-18,"NVR",2534,2534,2463.14,2483.209961,29200,2483.209961
2017-07-19,"NVR",2498,2519,2475.08,2482.72998,28400,2482.72998
2017-07-20,"NVR",2491.79,2491.79,2420.75,2447.290039,33500,2447.290039
2017-07-21,"NVR",2530.99,2660.32,2501.85,2648.449951,91200,2648.449951
2017-07-24,"NVR",2652.61,2679.86,2622.6,2664.689941,31400,2664.689941
2017-07-25,"NVR",2672.25,2693,2665,2673.51001,49300,2673.51001
2017-07-26,"NVR",2690.85,2705.16,2660,2678.939941,28100,2678.939941
2017-07-27,"NVR",2680.55,2685.35,2619,2643.439941,22100,2643.439941
2017-07-28,"NVR",2634,2642.98,2604.2,2625,25900,2625
2017-07-03,"BCOR",21.2,21.3,20.3,20.4,296400,20.4
2017-07-05,"BCOR",20.4,20.7,20.25,20.35,646100,20.35
2017-07-06,"BCOR",20.05,20.35,19.9,20.200001,438900,20.200001
2017-07-07,"BCOR",20.2,20.2,19.4,19.9,740900,19.9
2017-07-10,"BCOR",19.9,20.15,19.85,20,451300,20
2017-07-11,"BCOR",20.05,20.25,19.7,20.200001,444300,20.200001
2017-07-12,"BCOR",20.3,20.5,20.05,20.15,611300,20.15
2017-07-13,"BCOR",20.2,20.9,19.8,20.049999,534400,20.049999
2017-07-14,"BCOR",20.05,20.35,20.05,20.25,325600,20.25
2017-07-17,"BCOR",20.25,20.3,19.95,20.1,273200,20.1
2017-07-18,"BCOR",20,20.35,19.9,20.299999,387600,20.299999
2017-07-19,"BCOR",20.35,21.45,20.3,21.1,578600,21.1
2017-07-20,"BCOR",21.1,21.1,20.35,20.65,528400,20.65
2017-07-21,"BCOR",20.75,20.85,20.55,20.700001,321500,20.700001
2017-07-24,"BCOR",20.7,21.03,20.7,20.9,173800,20.9
2017-07-25,"BCOR",20.9,21.2,20.77,21.15,278000,21.15
2017-07-26,"BCOR",21,21.28,20.45,21.049999,645000,21.049999
2017-07-27,"BCOR",22,23.95,21.6,23.75,1014600,23.75
2017-07-28,"BCOR",23.8,24,22.85,22.9,566300,22.9
2017-07-03,"DOX",64.55,65.01,64.32,64.330002,262700,64.330002
2017-07-05,"DOX",64.39,64.97,64.3,64.669998,528300,64.669998
2017-07-06,"DOX",64.57,64.58,63.79,63.919998,583900,63.919998
2017-07-07,"DOX",64,64.6,63.85,64.529999,343100,64.529999
2017-07-10,"DOX",64.52,64.88,64.42,64.449997,357800,64.449997
2017-07-11,"DOX",64.48,64.9,64.24,64.790001,415300,64.790001
2017-07-12,"DOX",64.95,65.45,64.32,65.199997,516500,65.199997
2017-07-13,"DOX",65.13,65.58,65.13,65.239998,394200,65.239998
2017-07-14,"DOX",65.51,65.83,64.98,64.989998,374400,64.989998
2017-07-17,"DOX",65.11,65.44,64.93,65.330002,445300,65.330002
2017-07-18,"DOX",65.43,65.43,64.95,65.129997,328000,65.129997
2017-07-19,"DOX",65.34,65.42,64.85,65.190002,449800,65.190002
2017-07-20,"DOX",65.17,65.57,65.02,65.470001,460200,65.470001
2017-07-21,"DOX",65.2,65.76,65.13,65.68,432000,65.68
2017-07-24,"DOX",65.75,66.13,65.31,66.010002,339000,66.010002
2017-07-25,"DOX",66,66.47,65.87,66.32,418600,66.32
2017-07-26,"DOX",66.52,67.48,66.46,67.349998,694900,67.349998
2017-07-27,"DOX",67.42,67.51,66.74,67.089996,833500,67.089996
2017-07-28,"DOX",66.92,67.24,66.89,67.089996,299700,67.089996
2017-07-03,"NMI",11.781,11.821,11.781,11.78,5700,11.739173
2017-07-05,"NMI",11.821,11.861,11.791,11.77,10900,11.729208
2017-07-06,"NMI",11.821,11.821,11.781,11.74,10800,11.699311
2017-07-07,"NMI",11.741,11.811,11.741,11.76,6600,11.719243
2017-07-10,"NMI",11.811,11.851,11.811,11.81,8800,11.76907
2017-07-11,"NMI",11.841,11.871,11.841,11.83,2900,11.789
2017-07-12,"NMI",11.78,11.87,11.78,11.87,6300,11.87
2017-07-13,"NMI",11.85,11.89,11.8,11.89,4700,11.89
2017-07-14,"NMI",11.88,11.88,11.8,11.81,23000,11.81
2017-07-17,"NMI",11.81,11.81,11.8,11.8,9200,11.8
2017-07-18,"NMI",11.79,11.85,11.77,11.82,20700,11.82
2017-07-19,"NMI",11.78,11.82,11.78,11.8,15500,11.8
2017-07-20,"NMI",11.78,11.79,11.78,11.78,4600,11.78
2017-07-21,"NMI",11.79,11.81,11.79,11.81,12200,11.81
2017-07-24,"NMI",11.82,11.83,11.76,11.79,13300,11.79
2017-07-25,"NMI",11.81,11.81,11.77,11.79,9900,11.79
2017-07-26,"NMI",11.79,11.79,11.74,11.75,6300,11.75
2017-07-27,"NMI",11.77,11.81,11.74,11.79,7000,11.79
2017-07-28,"NMI",11.79,11.82,11.78,11.8,5400,11.8
2017-07-03,"FORD",1.06,1.07,1.06,1.06,5500,1.06
2017-07-05,"FORD",1.05,1.06,1.03,1.04,29200,1.04
2017-07-06,"FORD",1.03,1.09,1.03,1.06,27300,1.06
2017-07-07,"FORD",1.06,1.09,1.04,1.06,6800,1.06
2017-07-10,"FORD",1.04,1.08,1.04,1.06,17100,1.06
2017-07-11,"FORD",1.08,1.08,1.02,1.06,63600,1.06
2017-07-12,"FORD",1.08,1.08,1.03,1.08,15700,1.08
2017-07-13,"FORD",1.08,1.08,1.05,1.06,4200,1.06
2017-07-14,"FORD",1.06,1.08,1.06,1.07,20900,1.07
2017-07-17,"FORD",1.06,1.09,1.06,1.09,12800,1.09
2017-07-18,"FORD",1.07,1.08,1.05,1.07,31500,1.07
2017-07-19,"FORD",1.07,1.14,1.06,1.09,1e+05,1.09
2017-07-20,"FORD",1.08,1.09,1.06,1.07,26400,1.07
2017-07-21,"FORD",1.07,1.09,1.05,1.09,20900,1.09
2017-07-24,"FORD",1.09,1.09,1.05,1.08,18800,1.08
2017-07-25,"FORD",1.07,1.08,1.05,1.05,19200,1.05
2017-07-26,"FORD",1.06,1.17,1.05,1.15,239100,1.15
2017-07-27,"FORD",1.13,1.13,1.07,1.08,55600,1.08
2017-07-28,"FORD",1.08,1.13,1.08,1.12,36600,1.12
2017-07-03,"EXR",78.63,79.37,77.61,78.489998,745500,78.489998
2017-07-05,"EXR",78.41,78.52,77,77.389999,922500,77.389999
2017-07-06,"EXR",77.24,77.34,75.81,75.910004,1197900,75.910004
2017-07-07,"EXR",76.1,77.07,75.74,76.529999,712100,76.529999
2017-07-10,"EXR",76.54,76.78,74.73,74.760002,1161700,74.760002
2017-07-11,"EXR",75.01,75.01,73.7,74.129997,1037200,74.129997
2017-07-12,"EXR",74.65,75.83,74.65,75.43,828700,75.43
2017-07-13,"EXR",75.49,76.15,75.34,75.57,792100,75.57
2017-07-14,"EXR",76.12,76.77,76.08,76.68,864400,76.68
2017-07-17,"EXR",76.62,77.77,76.6,77.400002,1361100,77.400002
2017-07-18,"EXR",77.32,77.83,76.55,77.480003,1289700,77.480003
2017-07-19,"EXR",77.54,78.94,77.25,78.790001,1896900,78.790001
2017-07-20,"EXR",78.25,78.88,77.55,78.230003,1042300,78.230003
2017-07-21,"EXR",78.12,79.07,78.11,78.970001,668700,78.970001
2017-07-24,"EXR",79,79.16,78.15,78.639999,883400,78.639999
2017-07-25,"EXR",78.6,79.52,78.15,79.480003,1281200,79.480003
2017-07-26,"EXR",79.6,81.06,79.39,80.300003,1562000,80.300003
2017-07-27,"EXR",79,79,75.78,76.5,2452300,76.5
2017-07-28,"EXR",76.5,77.97,76.4,77.919998,1621000,77.919998
2017-07-03,"LTRPB",11.305,11.305,11.305,11.305,0,11.305
2017-07-05,"LTRPB",11.305,11.305,11.305,11.305,0,11.305
2017-07-06,"LTRPB",11.305,11.305,11.305,11.305,0,11.305
2017-07-07,"LTRPB",11.305,11.305,11.305,11.305,0,11.305
2017-07-10,"LTRPB",11.305,11.305,11.305,11.305,0,11.305
2017-07-11,"LTRPB",11.305,11.305,11.305,11.305,0,11.305
2017-07-12,"LTRPB",12.35,12.395,12.35,12.395,800,12.395
2017-07-13,"LTRPB",11.45,11.45,11.45,11.45,500,11.45
2017-07-14,"LTRPB",11.45,11.45,11.45,11.45,0,11.45
2017-07-17,"LTRPB",11.45,11.45,11.45,11.45,0,11.45
2017-07-18,"LTRPB",11.45,11.45,11.45,11.45,0,11.45
2017-07-19,"LTRPB",11.45,11.45,11.45,11.45,0,11.45
2017-07-20,"LTRPB",11.45,11.45,11.45,11.45,0,11.45
2017-07-21,"LTRPB",11.45,11.45,11.45,11.45,0,11.45
2017-07-24,"LTRPB",11.45,11.45,11.45,11.45,0,11.45
2017-07-25,"LTRPB",11.45,11.45,11.45,11.45,0,11.45
2017-07-26,"LTRPB",11.45,11.45,11.45,11.45,0,11.45
2017-07-27,"LTRPB",11.45,11.45,11.45,11.45,0,11.45
2017-07-28,"LTRPB",12.4,13.1,12.4,13.1,200,13.1
2017-07-03,"GEVO",0.67,0.69,0.64,0.65,166500,0.65
2017-07-05,"GEVO",0.66,0.69,0.65,0.65,147400,0.65
2017-07-06,"GEVO",0.63,0.65,0.62,0.63,268800,0.63
2017-07-07,"GEVO",0.63,0.65,0.61,0.63,116000,0.63
2017-07-10,"GEVO",0.63,0.67,0.59,0.6,304500,0.6
2017-07-11,"GEVO",0.62,0.62,0.55,0.56,535800,0.56
2017-07-12,"GEVO",0.58,0.58,0.54,0.57,248700,0.57
2017-07-13,"GEVO",0.57,0.61,0.56,0.59,445400,0.59
2017-07-14,"GEVO",0.6,0.62,0.57,0.57,212600,0.57
2017-07-17,"GEVO",0.57,0.6,0.57,0.58,105900,0.58
2017-07-18,"GEVO",0.59,0.6,0.57,0.59,76800,0.59
2017-07-19,"GEVO",0.58,0.62,0.57,0.6,395100,0.6
2017-07-20,"GEVO",0.63,0.76,0.6,0.71,2257900,0.71
2017-07-21,"GEVO",0.67,0.69,0.65,0.69,383800,0.69
2017-07-24,"GEVO",0.69,0.75,0.66,0.72,814100,0.72
2017-07-25,"GEVO",0.8,0.86,0.7,0.7,6686600,0.7
2017-07-26,"GEVO",0.69,0.73,0.63,0.65,1039300,0.65
2017-07-27,"GEVO",0.65,0.68,0.64,0.64,287800,0.64
2017-07-28,"GEVO",0.63,0.68,0.61,0.65,761800,0.65
2017-07-03,"DISCK",25.38,26.03,25.38,25.51,860700,25.51
2017-07-05,"DISCK",25.57,25.72,25.37,25.450001,1006500,25.450001
2017-07-06,"DISCK",25.3,25.37,24.98,25.08,866500,25.08
2017-07-07,"DISCK",25.15,25.27,24.82,25.15,630500,25.15
2017-07-10,"DISCK",25.13,25.54,25.06,25.469999,929800,25.469999
2017-07-11,"DISCK",25.48,25.54,25.28,25.48,1670800,25.48
2017-07-12,"DISCK",25.72,25.72,25.35,25.49,927700,25.49
2017-07-13,"DISCK",25.55,25.61,25.31,25.49,812000,25.49
2017-07-14,"DISCK",25.63,25.67,25.51,25.549999,1540200,25.549999
2017-07-17,"DISCK",25.56,25.72,25.41,25.559999,1571200,25.559999
2017-07-18,"DISCK",25.5,25.53,25.08,25.360001,729100,25.360001
2017-07-19,"DISCK",26.95,27.15,25.92,26.209999,1897100,26.209999
2017-07-20,"DISCK",26.2,26.67,25.69,25.709999,2472400,25.709999
2017-07-21,"DISCK",25.62,25.89,25.45,25.51,2669800,25.51
2017-07-24,"DISCK",25.53,25.64,25.35,25.48,919200,25.48
2017-07-25,"DISCK",25.5,25.63,24.82,25.07,2018900,25.07
2017-07-26,"DISCK",25.06,25.8,25.06,25.540001,1689600,25.540001
2017-07-27,"DISCK",25.05,25.62,24.52,25.139999,4313000,25.139999
2017-07-28,"DISCK",25.11,25.59,24.92,25.5,4531100,25.5
